{
  "ratings_count_sum": {
    "dean_lawless": {
      "pearson_chi2": 6311124638.962896,
      "df": 53348,
      "z": 19320974.040171705,
      "p_two_sided": 0.0
    },
    "cameron_trivedi": {
      "alpha_hat": 68.21928986200041,
      "t": 2.9994620423431013,
      "p": 0.0027058158600419898,
      "n": 53349
    },
    "mean": 1734.0819134379276,
    "variance": 205143718.4126497,
    "variance_mean_ratio": 118301.05419065195
  },
  "text_reviews_count_sum": {
    "dean_lawless": {
      "pearson_chi2": 205926846.390095,
      "df": 53348,
      "z": 630269.6221559355,
      "p_two_sided": 0.0
    },
    "cameron_trivedi": {
      "alpha_hat": 27.202442402756006,
      "t": 3.890299836618602,
      "p": 0.00010024185182777137,
      "n": 53349
    },
    "mean": 141.86205927008942,
    "variance": 547597.0324640879,
    "variance_mean_ratio": 3860.0668514301256
  },
  "author_ratings_count": {
    "dean_lawless": {
      "pearson_chi2": 41413319487.64197,
      "df": 53348,
      "z": 126784281.63987103,
      "p_two_sided": 0.0
    },
    "cameron_trivedi": {
      "alpha_hat": 16.111486870817693,
      "t": 15.819404154111334,
      "p": 3.0707116039899765e-56,
      "n": 53349
    },
    "mean": 48181.19623610564,
    "variance": 37402400708.97894,
    "variance_mean_ratio": 776286.2616713246
  }
}