{
  "analysis_timestamp": "20250904_223745",
  "dataset_info": {
    "shape": [
      65,
      28
    ],
    "memory_usage_mb": 0.15297698974609375,
    "total_records": 65
  },
  "statistical_outliers": {
    "publication_year": {
      "field": "publication_year",
      "total_values": 65,
      "missing_values": 0,
      "outliers": {
        "zscore": {
          "count": 2,
          "percentage": 3.076923076923077,
          "indices": [
            0,
            1
          ],
          "values": [
            2001,
            2002
          ]
        },
        "iqr": {
          "count": 7,
          "percentage": 10.76923076923077,
          "indices": [
            0,
            1,
            3,
            4,
            7,
            8,
            9
          ],
          "values": [
            2001,
            2002,
            2004,
            2005,
            2006,
            2007,
            2008
          ],
          "bounds": {
            "lower": 2009.0,
            "upper": 2017.0
          }
        },
        "percentile": {
          "count": 1,
          "percentage": 1.5384615384615385,
          "indices": [
            0
          ],
          "values": [
            2001
          ],
          "bounds": {
            "p1": 2001.64,
            "p99": 2017.0
          }
        }
      },
      "statistics": {
        "mean": 2012.4923076923078,
        "median": 2013.0,
        "std": 3.3871221049507727,
        "min": 2001.0,
        "max": 2017.0,
        "q1": 2012.0,
        "q3": 2014.0
      },
      "consensus": {
        "total_unique_outliers": 7,
        "consensus_percentage": 10.76923076923077
      }
    },
    "average_rating_weighted_mean": {
      "field": "average_rating_weighted_mean",
      "total_values": 65,
      "missing_values": 0,
      "outliers": {
        "zscore": {
          "count": 0,
          "percentage": 0.0,
          "indices": [],
          "values": []
        },
        "iqr": {
          "count": 0,
          "percentage": 0.0,
          "indices": [],
          "values": [],
          "bounds": {
            "lower": 2.740000009536743,
            "upper": 4.979999780654907
          }
        },
        "percentile": {
          "count": 1,
          "percentage": 1.5384615384615385,
          "indices": [
            12
          ],
          "values": [
            3.190000057220459
          ],
          "bounds": {
            "p1": 3.285999965667725,
            "p99": 4.570000171661377
          }
        }
      },
      "statistics": {
        "mean": 3.8853845596313477,
        "median": 3.8399999141693115,
        "std": 0.34586432576179504,
        "min": 3.190000057220459,
        "max": 4.570000171661377,
        "q1": 3.5799999237060547,
        "q3": 4.139999866485596
      },
      "consensus": {
        "total_unique_outliers": 1,
        "consensus_percentage": 1.5384615384615385
      }
    },
    "ratings_count_sum": {
      "field": "ratings_count_sum",
      "total_values": 65,
      "missing_values": 0,
      "outliers": {
        "zscore": {
          "count": 1,
          "percentage": 1.5384615384615385,
          "indices": [
            4
          ],
          "values": [
            30574
          ]
        },
        "iqr": {
          "count": 11,
          "percentage": 16.923076923076923,
          "indices": [
            3,
            4,
            13,
            18,
            22,
            23,
            31,
            32,
            49,
            50,
            51
          ],
          "values": [
            1278,
            30574,
            7920,
            4457,
            3919,
            2672,
            1429,
            1351,
            8314,
            1783,
            1632
          ],
          "bounds": {
            "lower": -647.0,
            "upper": 1185.0
          }
        },
        "percentile": {
          "count": 2,
          "percentage": 3.076923076923077,
          "indices": [
            4,
            48
          ],
          "values": [
            30574,
            7
          ],
          "bounds": {
            "p1": 8.92,
            "p99": 16327.599999999988
          }
        }
      },
      "statistics": {
        "mean": 1172.246153846154,
        "median": 148.0,
        "std": 4023.753133855448,
        "min": 7.0,
        "max": 30574.0,
        "q1": 40.0,
        "q3": 498.0
      },
      "consensus": {
        "total_unique_outliers": 12,
        "consensus_percentage": 18.461538461538463
      }
    },
    "text_reviews_count_sum": {
      "field": "text_reviews_count_sum",
      "total_values": 65,
      "missing_values": 0,
      "outliers": {
        "zscore": {
          "count": 2,
          "percentage": 3.076923076923077,
          "indices": [
            4,
            49
          ],
          "values": [
            715,
            1137
          ]
        },
        "iqr": {
          "count": 6,
          "percentage": 9.230769230769232,
          "indices": [
            4,
            13,
            18,
            22,
            31,
            49
          ],
          "values": [
            715,
            335,
            350,
            514,
            222,
            1137
          ],
          "bounds": {
            "lower": -101.5,
            "upper": 190.5
          }
        },
        "percentile": {
          "count": 1,
          "percentage": 1.5384615384615385,
          "indices": [
            49
          ],
          "values": [
            1137
          ],
          "bounds": {
            "p1": 2.0,
            "p99": 866.9199999999997
          }
        }
      },
      "statistics": {
        "mean": 89.01538461538462,
        "median": 24.0,
        "std": 179.7663841896348,
        "min": 2.0,
        "max": 1137.0,
        "q1": 8.0,
        "q3": 81.0
      },
      "consensus": {
        "total_unique_outliers": 6,
        "consensus_percentage": 9.230769230769232
      }
    },
    "author_ratings_count": {
      "field": "author_ratings_count",
      "total_values": 65,
      "missing_values": 0,
      "outliers": {
        "zscore": {
          "count": 2,
          "percentage": 3.076923076923077,
          "indices": [
            4,
            22
          ],
          "values": [
            3147263,
            1388218
          ]
        },
        "iqr": {
          "count": 10,
          "percentage": 15.384615384615385,
          "indices": [
            4,
            13,
            22,
            23,
            49,
            56,
            64,
            67,
            76,
            78
          ],
          "values": [
            3147263,
            226023,
            1388218,
            98730,
            106009,
            82329,
            87841,
            100316,
            78734,
            107303
          ],
          "bounds": {
            "lower": -34439.5,
            "upper": 59652.5
          }
        },
        "percentile": {
          "count": 2,
          "percentage": 3.076923076923077,
          "indices": [
            4,
            48
          ],
          "values": [
            3147263,
            23
          ],
          "bounds": {
            "p1": 28.76,
            "p99": 2021474.199999999
          }
        }
      },
      "statistics": {
        "mean": 90881.32307692307,
        "median": 4665.0,
        "std": 422485.7775348815,
        "min": 23.0,
        "max": 3147263.0,
        "q1": 845.0,
        "q3": 24368.0
      },
      "consensus": {
        "total_unique_outliers": 11,
        "consensus_percentage": 16.923076923076923
      }
    }
  },
  "specialized_analyses": {
    "publication_year": {
      "field": "publication_year",
      "total_valid_years": 65,
      "missing_years": 0,
      "year_range": {
        "min": 2001,
        "max": 2017,
        "span": 16
      },