{
  "timestamp": "20250902_223102",
  "memory_usage": {
    "before_optimization_mb": 224.05,
    "after_optimization_mb": 194.99820613861084,
    "memory_saved_mb": 29.05179386138917,
    "memory_saved_percentage": 12.966656488011234
  },
  "data_type_optimizations": {
    "numerical_optimizations": 14,
    "category_conversions": 7
  }
}