{
  "grid": [
    0.05,
    0.95,
    0.01
  ],
  "min_precision": 0.9,
  "min_recall": null,
  "choices": {
    "best_f1": 0.44999992847442627,
    "best_at_min_precision": 0.44999992847442627,
    "best_at_min_recall": null
  },
  "picked_threshold": 0.44999992847442627,
  "pos_pairs": 633,
  "neg_pairs": 1500,
  "autogen_used": true
}