{
  "timestamp_utc": "2025-09-26T02:32:55Z",
  "n_books": 53349,
  "total_tags_raw": 4317940,
  "total_tags_canon": 4317940,
  "total_tags_content": 4317940,
  "unique_canon": 255657,
  "unique_content": 255657,
  "avg_tags_raw_per_book": 80.93759958012333,
  "avg_tags_canon_per_book": 80.93759958012333,
  "avg_tags_content_per_book": 80.93759958012333,
  "alias_summary": {
    "n_alias_rows": 0,
    "avg_jw": NaN
  }
}